Type,Name,Request Count,Failure Count,Median Response Time,Average Response Time,Min Response Time,Max Response Time,Average Content Size,Requests/s,Failures/s,50%,66%,75%,80%,90%,95%,98%,99%,99.9%,99.99%,100%
POST,/api/login/,1,0,960.8462000000006,960.8462000000006,960.8462000000006,960.8462000000006,274.0,0.010713814058558735,0.0,960,960,960,960,960,960,960,960,960,960,960
POST,Submit Core Data Form,11,0,82,102.66091818181667,30.28859999999156,319.4633999999965,58.0,0.11785195464414609,0.0,82,85,130,130,140,320,320,320,320,320,320
GET,form_coredata,14,0,89,86.17169999999899,39.074899999999246,141.0096999999979,2.0,0.1499933968198223,0.0,90,98,110,120,140,140,140,140,140,140,140
GET,organizations,6,0,160.0,155.99153333333328,78.85200000000125,219.8920999999956,21464.0,0.06428288435135242,0.0,170,170,210,210,220,220,220,220,220,220,220
GET,user_groups,12,0,110.0,95.70740833333396,32.61230000000026,154.8684999999992,741.0,0.12856576870270484,0.0,110,120,120,120,140,150,150,150,150,150,150
,Aggregated,44,0,90,122.29450454545399,30.28859999999156,960.8462000000006,3150.3636363636365,0.47140781857658437,0.0,93,120,140,140,170,220,960,960,960,960,960
